"","beta_value","gamma_value","p_value","lik_value","log_diff"
"779",0.001926,0.0519251762613325,0.2755,-180.235333540897,6.90775527898214
